cluster_method,k,ARI,CHI,BIC,PED,Runtime_seconds,scenario,sim_method
mixAK,2,0.5100038473074344,397.4399090606009,NA,19686.055939231457,22.94619131088257,SCE2,LME-F
mixAK,3,0.312685797373935,573.8389981203829,NA,19625.234506282388,30.832346439361572,SCE2,LME-F
mixAK,4,0.31295502803979514,466.48041919620533,NA,19634.964183772958,38.2632110118866,SCE2,LME-F
mixAK,5,0.25452358468846503,466.0245130747928,NA,19635.98426481351,46.32748198509216,SCE2,LME-F
