cluster_method,k,ARI,CHI,BIC,PED,Runtime_seconds,scenario,sim_method
mixAK,2,0.7475943179075084,128.87823424834093,NA,NA,190.73166418075562,SCE3,MICE-L
mixAK,3,0.7608180082574217,71.18086874413676,NA,NA,265.7020049095154,SCE3,MICE-L
mixAK,4,0.299198849249221,56.74987897256938,NA,NA,338.62308144569397,SCE3,MICE-L
mixAK,5,0.3498605920732218,37.938551257241166,NA,NA,415.0243647098541,SCE3,MICE-L
