cluster_method,k,ARI,CHI,BIC,PED,Runtime_seconds,scenario,sim_method
mixAK,2,0.421113137966371,158.58608424946118,NA,312332.0583283646,188.74277234077454,SCE3,LME-F
mixAK,3,0.3192608599139607,121.37357672457087,NA,275252.784062606,264.94657349586487,SCE3,LME-F
mixAK,4,0.3008044068774301,145.3556476040031,NA,NA,341.1962022781372,SCE3,LME-F
mixAK,5,0.21998339856045465,65.11667663682071,NA,NA,413.893052816391,SCE3,LME-F
