cluster_method,k,ARI,CHI,BIC,PED,Runtime_seconds,scenario,sim_method
mixAK,2,0.9310524107055198,84.6718263200612,NA,255825.20405485117,190.1779284477234,SCE3,CC
mixAK,3,0.7735577188644056,57.919955067642086,NA,318252.0692221207,265.4135217666626,SCE3,CC
mixAK,4,0.26292986043816446,33.12089003995734,NA,NA,340.8654079437256,SCE3,CC
mixAK,5,0.0865956950402318,34.57326059502412,NA,NA,416.696492433548,SCE3,CC
