cluster_method,k,ARI,CHI,BIC,PED,Runtime_seconds,scenario,sim_method
mixAK,2,0.39543388930147394,194.06792611045432,NA,27976.9226580766,23.03780436515808,SCE2,MICE-L
mixAK,3,0.2769073985381114,149.27711277090978,NA,27974.25755425363,30.213012218475342,SCE2,MICE-L
mixAK,4,0.28021713989998465,105.29518038708174,NA,28663.442589133316,38.468995809555054,SCE2,MICE-L
mixAK,5,0.20592892666256077,84.80495780097381,NA,27972.458564414912,46.10191607475281,SCE2,MICE-L
