cluster_method,k,ARI,CHI,BIC,PED,Runtime_seconds,scenario,sim_method
mixAK,2,0.24858757062146897,192.69514043064163,NA,26889.515104091846,23.99351954460144,SCE2,CC
mixAK,3,0.20485084498900216,132.56675459627382,NA,26878.13650338666,31.66936182975769,SCE2,CC
mixAK,4,0.14942343017333387,104.8323104490628,NA,28421.739906081606,39.365339040756226,SCE2,CC
mixAK,5,0.10144435816259482,71.82083137091176,NA,28084.96593457902,47.14228320121765,SCE2,CC
