cluster_method,k,ARI,CHI,BIC,PED,Runtime_seconds,scenario,sim_method
mixAK,2,0.3892559920498486,224.1801940104315,NA,26966.787564783976,22.5804500579834,SCE2,MICE-CS
mixAK,3,0.29777657470968033,151.52430222996483,NA,26967.295353927224,30.042619943618774,SCE2,MICE-CS
mixAK,4,0.268045605180565,106.45281892550332,NA,28230.77341364977,38.132203340530396,SCE2,MICE-CS
mixAK,5,0.18079904413017472,76.70293955953785,NA,28352.343189202365,45.19441080093384,SCE2,MICE-CS
