cluster_method,k,ARI,CHI,BIC,PED,Runtime_seconds,scenario,sim_method
mixAK,2,0.791578947368421,127.13654606372845,NA,427072.56183693453,188.03858828544617,SCE3,eCDF-Copula
mixAK,3,0.7741247824346663,73.64301829569817,NA,344292.38057200547,262.8690781593323,SCE3,eCDF-Copula
mixAK,4,0.29570219289886185,51.61147430365738,NA,NA,337.7294292449951,SCE3,eCDF-Copula
mixAK,5,0.503398236954293,65.92075983129948,NA,NA,464.73438572883606,SCE3,eCDF-Copula
