cluster_method,k,ARI,CHI,BIC,PED,Runtime_seconds,scenario,sim_method
mixAK,2,0.6311010189996561,144.83382061280597,NA,NA,187.61811113357544,SCE3,LME-S
mixAK,3,0.4879838331169869,116.2295452740929,NA,NA,263.56066513061523,SCE3,LME-S
mixAK,4,0.5614836272655774,83.39170646030234,NA,NA,339.1510491371155,SCE3,LME-S
mixAK,5,0.4209462844395222,64.19689485521826,NA,NA,414.8634796142578,SCE3,LME-S
