cluster_method,k,ARI,CHI,BIC,PED,Runtime_seconds,scenario,sim_method
mixAK,2,0.37071604845242356,226.7211861940389,NA,26805.862682629453,23.058794736862183,SCE2,eCDF-Copula
mixAK,3,0.30570987304093766,147.01762701089808,NA,26788.127526444703,30.798494577407837,SCE2,eCDF-Copula
mixAK,4,0.25726484403916833,130.43393820074917,NA,27861.02807707453,38.0847110748291,SCE2,eCDF-Copula
mixAK,5,0.2458209558530196,106.10200731053976,NA,28322.08177243618,45.825618505477905,SCE2,eCDF-Copula
