cluster_method,k,ARI,CHI,BIC,PED,Runtime_seconds,scenario,sim_method
mixAK,2,0.45431484276063566,249.15437387344488,NA,26182.33154168208,23.323853492736816,SCE2,LME-S
mixAK,3,0.349380605764727,171.75174758766127,NA,26152.80703868102,30.70788550376892,SCE2,LME-S
mixAK,4,0.2673681076882763,145.6190824518999,NA,27526.811293877814,38.59328532218933,SCE2,LME-S
mixAK,5,0.22157264079256062,120.97726933344546,NA,27029.94189623866,45.90299344062805,SCE2,LME-S
